4;1;1;1;19875884;3;Pablo;Salvatierra;Gomez;pedro lira urquieta 11200;98874547;p.gomez@gmail.com;11111;-33.333008;-70.530943;+56;5;1
4;1;3;1;6617692;5;Juana;Valenzuela;Munoz;Tacna 816;87745584;j.valenzuela@gmail.com;111aaa;-33.580578;-70.571838;+56;7;1
5;1;17;1;13745887;k;Carla;Rozales;Ruminot;Los castores 1377;98853364;c.rozalez@live.com;b111;-33.362262;-70.538049;+56;5;1
4;1;27;1;6542361;8;Oscar;Bastias;Lagos;guardia vieja 255;93345623;obaslag@live.com;1234;-33.424385;-70.610527;+56;5;1
5;1;24;1;13775644;k;Veronica;Leon;Antinao;Felix weingardnert 1740;5543323;v.leon@hotmail.com;77889;-33.482685;-70.659824;+56;7;1
5;1;3;1;12344543;3;andres;ross;rex;luis matte larrain 0566;5543323;a.ross@hotmail.com;1111;-33.585487; -70.574382;+56;7;1